Database,Time (seconds)
MySQL,1.5569508075714111
PostgreSQL,1.0965015888214111
MongoDB,0.022815704345703125
Redis,0.4562947750091553
